{
  "project_info": {
    "project_number": "751844511400",
    "project_id": "airquality-nt118",
    "storage_bucket": "airquality-nt118.appspot.com"
  },
  "client": [
    {
      "client_info": {
        "mobilesdk_app_id": "1:751844511400:android:b1c5657f4f528f6d4cbc9d",
        "android_client_info": {
          "package_name": "com.example.airqualityproject"
        }
      },
      "oauth_client": [],
      "api_key": [
        {
          "current_key": "AIzaSyCJ5Eca6icFrvl6eTVrn9DAAcwcBQBSSqM"
        }
      ],
      "services": {
        "appinvite_service": {
          "other_platform_oauth_client": []
        }
      }
    }
  ],
  "configuration_version": "1"
}